<products>
  <product name="TYLENOL COLD MULTI-SYMPTOM DAYTIME" price="1010.81" buyer="Brenda Howell" />
  <product name="Butalbital, Aspirin and Caffeine" price="1010.98" buyer="Bonnie Fox" />
  <product name="SEPHORA Acne-Fighting Mattifying Moisturizer" price="1019.28" buyer="Benjamin Henry" />
  <product name="Acetaminophen, Chlorpheniramine Maleate, Dextromethorphan Hydrobromide, Phenylephrine Hydrochloride" price="1028.27" buyer="Wanda Harris" />
  <product name="CVS Therapeutic Menthol Pain Reliever" price="1033.42" buyer=" Moreno" />
  <product name="Aspen" price="1046.46" buyer="Sandra Riley" />
  <product name="Ringers" price="1054.37" buyer="Emily Parker" />
  <product name="Acetic Acid" price="1060.43" buyer="Carl Daniels" />
  <product name="LBEL Couleur Luxe Rouge Amplifier XP amplifying SPF 15" price="1069.43" buyer="Brenda Howell" />
  <product name="Growing Pains" price="1077.37" buyer="Jacqueline Perez" />
  <product name="up and up temporary minor arthritis pain relief" price="1085.78" buyer="Gary Stevens" />
  <product name="Ibuprofen" price="1088.04" buyer="Brandon Fuller" />
  <product name="XANTHIUM STRUMARIUM VAR CANADENSE POLLEN" price="1091.38" buyer="Billy Parker" />
  <product name="ESIKA 3-IN-1 PRO MAKE UP FOUNDATION SPF 20 BASE DE MAQUILLAJE PARA ROSTRO 3-EN-1 PRO FPS 20" price="1097.60" buyer="Ann Stevens" />
  <product name="smart sense nighttime cold and flu relief" price="1101.77" buyer="Nicole Harris" />
  <product name="Lorazepam" price="1134.96" buyer="Arthur Reynolds" />
  <product name="Laser Block 100" price="1135.43" buyer="Bonnie Fox" />
  <product name="Flumazenil" price="1151.37" buyer="Sandra Riley" />
  <product name="Pollens - Trees, Birch Mix" price="1153.54" buyer="Rachel Johnson" />
  <product name="Baza Antifungal" price="1162.34" buyer="Jeremy Woods" />
  <product name="Americaine" price="1165.75" buyer="Gary Stevens" />
  <product name="leader pain reliever" price="1179.79" buyer=" Stewart" />
  <product name="PAMO Kill Natural" price="1181.06" buyer="Anna Parker" />
  <product name="Benazepril Hydrochloride and Hydrochlorothiazide" price="1187.27" buyer="Brandon Fuller" />
  <product name="Nighttime Sleep Aid" price="1217.11" buyer="Christine Gomez" />
  <product name="Topical 60 Sec Sodium Fluoride" price="1228.84" buyer="Christina Patterson" />
  <product name="Aspergillus repens" price="1231.42" buyer="Christine Gomez" />
  <product name="Oxygen" price="1242.92" buyer="Jacqueline Perez" />
  <product name="Ondansetron" price="1249.76" buyer="Christine Gomez" />
  <product name="XtraCare Foam Antibacterial Hand Wash" price="1251.97" buyer="Patricia Cooper" />
  <product name="IOPE RETIGEN MOISTURE TWIN CAKE NO.21" price="1257.71" buyer="Fred Allen" />
  <product name="SUMATRIPTAN SUCCINATE" price="1265.94" buyer="Jonathan Rodriguez" />
  <product name="Prednisone" price="1285.99" buyer="Gloria Alexander" />
  <product name="DIVALPROEX SODIUM" price="1287.03" buyer="Ann Stevens" />
  <product name="VITALUMIERE AQUA" price="1293.09" buyer=" Schmidt" />
  <product name="MEDI-FIRST Non-Aspirin" price="1301.28" buyer="Jonathan Rodriguez" />
  <product name="Cefadroxil" price="1302.20" buyer="Christine Gomez" />
  <product name="Zonisamide" price="1305.41" buyer="Gloria Alexander" />
  <product name="Ibuprofen" price="1305.96" buyer="Kathy Gilbert" />
  <product name="Hydralazine Hydrochloride" price="1309.72" buyer=" Schmidt" />
  <product name="Fosphenytoin Sodium" price="1334.06" buyer="Joshua Murray" />
  <product name="Archangelica Eucalyptus" price="1334.91" buyer="Ann Stevens" />
  <product name="Labetalol Hydrochloride" price="1345.11" buyer="Sandra Riley" />
  <product name="Leg Cramp Relief" price="1345.69" buyer="Carl Lawson" />
  <product name="PCA SKIN ACNE" price="1356.22" buyer="Christina Patterson" />
  <product name="EMEND" price="1365.51" buyer=" Stewart" />
  <product name="Finasteride" price="1374.01" buyer="Jacqueline Perez" />
  <product name="Nevirapine" price="1374.72" buyer="Patrick King" />
  <product name="Warfarin Sodium" price="1379.79" buyer=" Bennett" />
  <product name="Fair Foundation SPF 15" price="1394.24" buyer="Emily Parker" />
  <product name="Wintergreen Isopropyl Alcohol" price="1397.57" buyer="Fred Allen" />
  <product name="Metoprolol Tartrate" price="1405.74" buyer="Chris Mitchell" />
  <product name="Triamterene and Hydrochlorothiazide" price="1416.59" buyer="Marie Williamson" />
  <product name="Effervescent Cold Relief" price="1436.07" buyer=" Cunningham" />
  <product name="Etodolac" price="1443.13" buyer=" Schmidt" />
  <product name="Acid Reducer" price="1443.51" buyer="Benjamin Henry" />
  <product name="Amitriptyline Hydrochloride" price="1453.96" buyer="Nicole Martinez" />
  <product name="Gilotrif" price="1454.77" buyer=" Schmidt" />
  <product name="Treatment Set TS336667" price="1466.47" buyer="Jonathan Rodriguez" />
  <product name="GEMCITABINE" price="1468.11" buyer="Nicole Martinez" />
  <product name="Glycopyrrolate" price="1471.43" buyer="Ann Stevens" />
  <product name="cough and sore throat" price="1482.68" buyer="Jacqueline Perez" />
  <product name="Etoposide" price="1483.96" buyer="Fred Allen" />
  <product name="Alcohol Free Antiseptic" price="1486.07" buyer=" Mitchell" />
  <product name="Budpak Hemorrhoid Anesthetic" price="1499.29" buyer="Carl Daniels" />
</products>